[{
	"title": "Discussion Activity",
	"activityType": "quiz",
	"quizDescription": [{
			"text": "<b>Setting Up a Network</b> "
		},
		{
			"text": "Have you ever set up a network before? Maybe you configured the router for your home Internet connection, or setup a private server to store files and media. If you have never interacted with network devices before (routers, modems etc.), that's okay too."
		},
		{
			"text": "<br>Share your networking experiences with your fellow classmates!"
		}

	],
	"questions": [{
		"questionType": "summarize",
		"questionText": "Summarize the Discussion Activity"
	}]
}]