[{
	"title": "Learning by doing-4",
	"activityType": "quiz",
	"quizDescription": [
		{
		"text":"<b>Choose the correct answer below</b>"
	}
	],
	"questions": [{
			"questionType": "mcq",
			"questionText": [{
				"text": "How many octets are there in a MAC address?"
			}],
			"max_marks": 0.5,
			"options": [{
					"option": "6",
					"correct": "True"
				},

				{
					"option": "5",
					"correct": "False"
				},

				{
					"option": "4",
					"correct": "False"
				},

				{
					"option": "8",
					"correct": "False"
				}

			],
			"correct_feedback": "Correct",
			"wrong_feedback": "Incorrect"
		},

		{
			"questionType": "mcq",
			"questionText": [{
				"text": "What address is used for Ethernet broadcasts?"
			}],
			"max_marks": 0.5,
			"options": [{
					"option": "FF:FF:FF:FF:FF:FF",
					"correct": "True"
				},

				{
					"option": "FF:00:FF:00:FF:00",
					"correct": "False"
				},

				{
					"option": "00:00:00:00:00:00",
					"correct": "False"
				},

				{
					"option": "11:11:11:11:11:11",
					"correct": "False"
				}


			],
			"correct_feedback": "Correct",
			"wrong_feedback": "Incorrect"
		},
		{
			"questionType": "mcq",
			"questionText": [{
				"text": "What is a cyclical redundancy check?"
			}],
			"max_marks": 0.5,
			"options": [{
					"option": "A mathematical calculation used to ensure that all data arrived intact",
					"correct": "True"
				},

				{
					"option": "The actual data being transported by an Ethernet frame",
					"correct": "False"
				},

				{
					"option": "A technique that allows for multiple logical LANs to operate on the same equipment",
					"correct": "False"
				},

				{
					"option": "A way for two computers to synchronize their clocks",
					"correct": "False"
				}


			],
			"correct_feedback": "Correct",
			"wrong_feedback": "Incorrect"
		}
	]
}]