[{
	"title": "Discussion Activity",
	"activityType": "quiz",
	"quizDescription": [
		{
			"text": "Digital Footprints in the Cloud<br>Chances are you have a \"digital footprint\", or trail of information, stored somewhere in the cloud. You may store personal files in a cloud storage service or access the cloud when using your favorite apps or games.<br>What do you like or dislike about storing information in the cloud? Share your perspectives with your classmates."
		}

	],
	"questions": [{
		"questionType": "summarize",
		"questionText": "Summarize the Discussion Activity"
	}]
}]