[{
	"title": "Assignment-1",
	"activityType": "assignment",
	"questions": [{
		"questionType": "fillintheblank",
		"max_marks":10,
		"graded": true,
		"questionText": [{
				"text": "<b>Overview:</b><br>As an IT Support Specialist, it’s important that you fully grasp how networks work. You may need to troubleshoot different aspects of a network, so it’s important that you know how everything fits together. This assignment will help you demonstrate this knowledge by describing how networks function."
			},
			{
				"text": "<br><b>What You’ll Do:</b><br>In your own words, describe what happens at every step of our network model, when a node on one network establishes a TCP connection with a node on another network. You can assume that the two networks are both connected to the same router.<br>Your submission must include a detailed explanation of the following:<ul><li>Physical layer</li><li>Data link layer</li><li>Network layer</li><li>Transport layer</li><li>MAC address</li><li>IP address</li><li>TCP port</li><li>Checksum check</li><li>Routing table</li><li>TTL</li></ul>This assignment will be graded out of a total of 10 marks. Submit a Google document link"
			}
		]
	}]
}]