[{
	"title": "Learning by doing-2",
	"activityType": "quiz",
	"quizDescription": [
		{
		"text":"<b>Choose the correct answer below</b>"
	}
	],
	"questions": [{
			"questionType": "checkbox",
			"questionText": [{
				"text": "Unlike our five-layer model, the OSI network model adds two more layers on top of the Application Layer. Select examples of these new layers below"
			}],
			"max_marks": 0.5,
			"options": [{
					"option": "The session layer",
					"correct": "True"
				},

				{
					"option": "The compression layer",
					"correct": "False"
				},

				{
					"option": "The interconnection layer",
					"correct": "False"
				},

				{
					"option": "The encryption layer",
					"correct": "False"
				},
				{
					"option": "The presentation layer",
					"correct": "True"
				}

			],
			"correct_feedback": "Correct",
			"wrong_feedback": "Incorrect"
		},

		{
			"questionType": "mcq",
			"questionText": [{
				"text": "An example of something that operates at the application layer is:"
			}],
			"max_marks": 0.5,
			"options": [{
					"option": "UDP",
					"correct": "False"
				},

				{
					"option": "TCP",
					"correct": "False"
				},

				{
					"option": "A web browser",
					"correct": "True"
				},

				{
					"option": "A router",
					"correct": "False"
				}


			],
			"correct_feedback": "Correct",
			"wrong_feedback": "Incorrect"
		},



		{
			"questionType": "mcq",
			"questionText": [{
				"text": "What's the standard number for a TTL field?"
			}],
			"max_marks": 0.5,
			"options": [{
					"option": "8",
					"correct": "False"
				},

				{
					"option": "16",
					"correct": "False"
				},

				{
					"option": "32",
					"correct": "False"
				},

				{
					"option": "64",
					"correct": "False"
				}

			],
			"correct_feedback": "Correct",
			"wrong_feedback": "Incorrect"
		}
	]
}]