[{
	"title": "Assignment-10",
	"activityType": "quiz",
	"quizDescription": [
		{
		"text":"<b>192.168.46.13/26</b>"
		}
	],
	"questions": [{
		"questionType": "fillintheblank",
		"questionText": [
			{
				"text":"Network Address "
			}],
		"max_marks": 0.5,
		"answer": "192.168.46.0",
		"correct_feedback": "Correct",
		"wrong_feedback": "Incorrect"
	}, {
		"questionType": "fillintheblank",
		"questionText": [
			{
				"text":"First Host Number: "
			}],
		"max_marks": 0.5,
		"answer": "192.168.46.1",
		"correct_feedback": "Correct",
		"wrong_feedback": "Incorrect"
	}, {
		"questionType": "fillintheblank",
		"questionText": [
			{
				"text":"Broadcast address :"
			}],
		"max_marks": 0.5,
		"answer": "192.168.46.63",
		"correct_feedback": "Correct",
		"wrong_feedback": "Incorrect"
	},
	{
		"questionType": "fillintheblank",
		"questionText": [
			{
				"text":"Last Host Number :"
			}],
		"max_marks": 0.5,
		"answer": "192.168.46.62",
		"correct_feedback": "Correct",
		"wrong_feedback": "Incorrect"
	},
	{
		"questionType": "fillintheblank",
		"questionText": [
			{
				"text":"Subnet Mask :"
			}],
		"max_marks": 0.5,
		"answer": " 255.255.255.192",
		"correct_feedback": "Correct",
		"wrong_feedback": "Incorrect"
	}
]
}]