[{
	"title": "Assignment-4",
	"activityType": "quiz",
	"quizDescription": [
		{
		"text":"<b>190.192.193.67/17</b>"
		}
	],
	"questions": [{
		"questionType": "fillintheblank",
		"questionText": [
			{
				"text":"Network Address "
			}],
		"max_marks": 0.5,
		"answer": "190.192.128.0",
		"correct_feedback": "Correct",
		"wrong_feedback": "Incorrect"
	}, {
		"questionType": "fillintheblank",
		"questionText": [
			{
				"text":"First Host Number: "
			}],
		"max_marks": 0.5,
		"answer": "190.192.128.1",
		"correct_feedback": "Correct",
		"wrong_feedback": "Incorrect"
	}, {
		"questionType": "fillintheblank",
		"questionText": [
			{
				"text":"Broadcast address :"
			}],
		"max_marks": 0.5,
		"answer": "190.192.255.255",
		"correct_feedback": "Correct",
		"wrong_feedback": "Incorrect"
	},
	{
		"questionType": "fillintheblank",
		"questionText": [
			{
				"text":"Last Host Number :"
			}],
		"max_marks": 0.5,
		"answer": "190.192.255.254",
		"correct_feedback": "Correct",
		"wrong_feedback": "Incorrect"
	},
	{
		"questionType": "fillintheblank",
		"questionText": [
			{
				"text":"Subnet Mask :"
			}],
		"max_marks": 0.5,
		"answer": "255.255.128.0",
		"correct_feedback": "Correct",
		"wrong_feedback": "Incorrect"
	}
]
}]